-- phpMyAdmin SQL Dump
-- version 5.1.0
-- https://www.phpmyadmin.net/
--
-- Host: 127.0.0.1
-- Generation Time: Jun 15, 2021 at 07:31 AM
-- Server version: 10.4.18-MariaDB
-- PHP Version: 7.3.27

SET SQL_MODE = "NO_AUTO_VALUE_ON_ZERO";
START TRANSACTION;
SET time_zone = "+00:00";


/*!40101 SET @OLD_CHARACTER_SET_CLIENT=@@CHARACTER_SET_CLIENT */;
/*!40101 SET @OLD_CHARACTER_SET_RESULTS=@@CHARACTER_SET_RESULTS */;
/*!40101 SET @OLD_COLLATION_CONNECTION=@@COLLATION_CONNECTION */;
/*!40101 SET NAMES utf8mb4 */;

--
-- Database: `bookstore`
--

-- --------------------------------------------------------

--
-- Table structure for table `bill`
--

CREATE TABLE `bill` (
  `idBill` int(11) NOT NULL,
  `idUser` int(11) NOT NULL,
  `billName` varchar(255) NOT NULL,
  `diachi` varchar(255) NOT NULL,
  `ngayDatHang` varchar(255) NOT NULL,
  `tongTien` int(11) NOT NULL,
  `email` varchar(255) NOT NULL,
  `billTel` varchar(11) NOT NULL,
  `pttt` int(11) NOT NULL,
  `billstatus` int(11) NOT NULL
) ENGINE=InnoDB DEFAULT CHARSET=utf8mb4;

--
-- Dumping data for table `bill`
--

INSERT INTO `bill` (`idBill`, `idUser`, `billName`, `diachi`, `ngayDatHang`, `tongTien`, `email`, `billTel`, `pttt`, `billstatus`) VALUES
(67, 7, 'thành đạt', '50 Đường Minh Tân', '16:24:39pm 10/06/2021', 257, 'datntps14425@fpt.edu.vn', '0987515857', 0, 0),
(68, 7, 'thành đạt', '50 Đường Minh Tân', '16:48:50pm 10/06/2021', 1530, 'datntps14425@fpt.edu.vn', '0987515857', 0, 0),
(69, 9, 'dsa', '50 Đường Minh Tân', '17:04:01pm 10/06/2021', 72, 'datntps14425@fpt.edu.vn', '0987515857', 0, 0);

-- --------------------------------------------------------

--
-- Table structure for table `cart`
--

CREATE TABLE `cart` (
  `idCart` int(11) NOT NULL,
  `idUser` int(11) NOT NULL,
  `idSP` int(11) NOT NULL,
  `idBill` int(11) NOT NULL,
  `soLuong` int(11) NOT NULL,
  `tongtien` int(255) NOT NULL,
  `img` varchar(255) NOT NULL,
  `name` varchar(255) NOT NULL,
  `price` int(11) NOT NULL
) ENGINE=InnoDB DEFAULT CHARSET=utf8mb4;

--
-- Dumping data for table `cart`
--

INSERT INTO `cart` (`idCart`, `idUser`, `idSP`, `idBill`, `soLuong`, `tongtien`, `img`, `name`, `price`) VALUES
(71, 7, 23, 67, 2, 70, 'neverland5_biaao_trang_bia1_1.jpg', 'Miền Đất Hứa - The Promised Neverland - Tập 5', 35),
(72, 7, 31, 67, 1, 43, 'de-men-50k_1.jpg', 'Dế Mèn Phiêu Lưu Ký - Tái Bản 2020', 43),
(73, 7, 30, 67, 1, 110, '8935212330657.jpg', 'Các Nàng Công Chúa Lương Thiện Và Đáng Yêu', 110),
(74, 7, 26, 67, 1, 35, 'neverland6_biaao_trang.jpg', 'Miền Đất Hứa - The Promised Neverland - Tập 6', 35),
(75, 7, 26, 68, 2, 70, 'neverland6_biaao_trang.jpg', 'Miền Đất Hứa - The Promised Neverland - Tập 6', 35),
(76, 7, 25, 68, 10, 1468, 'chuyentinhhuan-04_1.jpg', 'Chuyện Tình Thanh Xuân Bi Hài Của Tôi ', 147),
(77, 9, 46, 69, 1, 72, 'image_188186.jpg', '25 Chuyên Đề Ngữ Pháp Tiếng Anh', 72);

-- --------------------------------------------------------

--
-- Table structure for table `categories`
--

CREATE TABLE `categories` (
  `idLoai` int(11) NOT NULL,
  `tenLoai` varchar(255) NOT NULL,
  `anHien` int(1) NOT NULL
) ENGINE=InnoDB DEFAULT CHARSET=utf8mb4;

--
-- Dumping data for table `categories`
--

INSERT INTO `categories` (`idLoai`, `tenLoai`, `anHien`) VALUES
(1, 'Truyện Anime', 1),
(2, 'Truyện Thiếu Nhi', 1),
(3, 'Truyện Ehon', 1),
(4, 'Nuôi Dạy Con', 1),
(5, 'Sách tiếng anh', 1);

-- --------------------------------------------------------

--
-- Table structure for table `product`
--

CREATE TABLE `product` (
  `idSP` int(11) NOT NULL,
  `tenSP` varchar(50) NOT NULL,
  `gia` varchar(255) NOT NULL,
  `hinhanh` varchar(255) NOT NULL,
  `moTa` longtext NOT NULL,
  `idLoai` int(255) NOT NULL,
  `anHien` int(1) NOT NULL,
  `Top` int(1) NOT NULL
) ENGINE=InnoDB DEFAULT CHARSET=utf8mb4;

--
-- Dumping data for table `product`
--

INSERT INTO `product` (`idSP`, `tenSP`, `gia`, `hinhanh`, `moTa`, `idLoai`, `anHien`, `Top`) VALUES
(23, 'test', '35.200', 'image_195509_1_39592.jpg', 'test', 1, 1, 1),
(24, 'Sakurako Bộ Xương Dưới Gốc Anh Đào - Tập 8', '105.780', 'sakurako-8-b_a.jpg', 'Sakurako Và Bộ Xương Dưới Gốc Anh Đào - Tập 8\r\n\r\nSakurako và bộ xương được chôn dưới gốc anh đào (tên gốc: Sakurako-san no ashimoto ni wa shitai ga Umatteiru) là series light novel trinh thám của tác giả Ota shiori, minh họa bìa Tetsuo. Đến nay series đã đạt được con số ấn tượng 1,5 triệu bản in. Tác phẩm cũng được chuyển thể sang rất nhiều phiên bản như TV series anime, drama live-action, manga.\r\n\r\nTháng tư tại Asahikawa là thời điểm chuyển giao giữa hai mùa đông xuân. Tôi, Shoutarou, lên lớp 11 và tiếp tục học cùng lớp với thằng bạn thân nối khố Imai và cả cô bạn thân thiết Kougami nữa. Thầy giáo chủ nhiệm là thầy Isozaki đã quá rành tính cách. Ai ngờ cô bạn mới chuyển trường tới Azechi chuyên ăn mặc kì quái như lolita và cũng không giao du với ai lại bất ngờ tới mà muốn “làm bạn” với Kougami. Ngỡ ngàng hơn nữa khi Kougami lại đồng ý với mong muốn của Azechi, dù đấy chỉ là trên hình thức. Câu chuyện “mặt chìm mặt nổi” phản ánh một phần góc tối nơi đời sống học đường, đặc biệt là thế giới của những cô gái tuổi mới lớn đầy phức tạp và thậm chí có phần tàn nhẫn. Bên cạnh đó, chúng tôi còn phải giải quyết vụ việc “tiếng gọi chim non” tại nhà Sakurako, trước khi có chuyến du ngoạn tới hồ thắng cảnh tuyệt đẹp tại Biei và phát hiện một xác chết bí ẩn. Một vụ án tương tự với cái xác không xác định tại đầm Junsai ở Hakodate. Thanh âm dạo đầu ấy liệu có phải báo hiệu cho một mùa trỗi dậy của những cánh bướm?\r\n\r\nTập thứ 8 của bộ truyện trinh thám đình đám đã tới rồi đây!\r\n\r\nMục lục:\r\n\r\nMở đầu\r\n\r\nXương thứ nhất – Mặt chìm mặt nổi\r\n\r\nXương thứ hai – Tiếng gọi chim non\r\n\r\nXương thứ ba – Lột da\r\n\r\nTruyện ngắn đặc biệt – Ba lão tài nhân phương bắc\r\n\r\nThông tin tác giả:\r\n\r\nShiori Ota\r\n\r\nShiori Ota sinh ra ở Sapporo, Hokkaido. Cô sống ở thành phố Asahikawa cho đến năm 2012. Khi ra mắt tác phẩm trên trang web E*Every Star, cô được đánh giá cao về bút lực và trở nên nổi tiếng. Cùng năm đó, bộ truyện Sakurako và bộ xương dưới gốc anh đào đạt giải thưởng xuất sắc (với bút danh Eleanor.S) trong hạng mục Giải thưởng truyện e-book của E*Every Star (kadokawa Shoten). Ngoài ra, cô còn đoạt một số giải xuất sắc như Giải thưởng Kaito Royale Novel, Giải thưởng cuộc thi tiểu thuyết tổ chức bởi E*Every Star và Quartet, và trong mọi cuộc thi khả năng viết lách của cô đều được đánh giá cao. Ngoài ra, cô còn có tác phẩm Ma nữ nói dối vào ngày thứ hai (Tủ sách Asahi Aero)\r\n\r\nTetsuo\r\n\r\nTrích đoạn sách:\r\n\r\nAzechi Ranka là một học sinh chuyển trường quái dị.\r\n\r\nCô nàng thấp hơn Kougami một chút, mái tóc đen tết đuôi sam lệch một bên như kéo căng tóc, rẽ ngôi lệch và bộ đồng phục chỉnh lại theo phong cách gothic Lolita chấp chới vi phạm nội quy, với đôi tất đen dài đến đầu gối, ruy băng ren.\r\n\r\nĐiểm đáng sợ nhất là cách trang điểm thâm sì khiến gương mặt trông càng thiếu sức sống. Làn da cô nàng có vẻ vốn đã trắng rồi. Mắt lại đánh viền đậm tông xanh đen trông như vết chàm, môi không xanh thì cũng đen. Móng tay cũng đen sì nốt.\r\n\r\nChắc thầy giám thị cũng đã nhắc nhở, nên vài ngày sau cô nàng đã chịu đổi màu son môi nhẹ nhàng hơn trong giờ học, nhưng trông vẫn giống nhân vật bước ra từ phim kinh dị hay ngày lễ Halloween.\r\n\r\nChính vì vậy, tôi cảm thấy một nỗi sợ hãi thấu tâm can khi cô nàng đó đi thẳng về phía chúng tôi. Tôi sởn cả gai ốc như thể đang cảnh giác với Hanabusa.\r\n\r\n“Tôi muốn làm bạn với cậu.”\r\n\r\nAzechi đột ngột buông ra câu đó hệt như cách cô nàng xuất hiện. Giọng trầm, nghèn nghẹt.\r\n\r\n“Bạn?”\r\n\r\nKougami hỏi lại với vẻ khó hiểu.\r\n\r\n“Ừ, với Kougami.”\r\n\r\n“Với tớ?”\r\n\r\nChẳng rõ con gái với nhau thoải mái hơn hay chỉ đơn thuần vì sự điềm tĩnh của Kougami, mà gương mặt Kougami không hề đổi sắc khi hỏi ngược lại.\r\n\r\n“Phải. Tôi không đùa, là thật lòng. Tôi muốn làm bạn với cậu.”\r\n\r\n“Hơ? Ờ, để coi…”\r\n\r\nKougami chắc cũng thấy hoang mang trước lời đề nghị của Azechi. Cậu ấy khẽ liếc sang tôi tìm sự giúp đỡ.\r\n\r\n“Có lẽ hơi đột ngột quá đấy, bạn Azechi.”\r\n\r\nTôi thấy hơi rờn rợn, nhưng phải bảo vệ Kougami trước bất kỳ sự vụ gì có thể xảy đến. Tôi vội vàng chen vào giữa, nhưng Azechi dùng tay trái hất tôi ra như đang bị làm phiền.\r\n\r\n“Đương nhiên, tôi cũng không thật lòng muốn làm bạn với cậu. Còn không muốn dính líu gì tới mấy người. Nói cách khác, tôi chỉ muốn chúng ta giả vờ làm bạn thôi.”\r\n\r\n“Giả vờ làm bạn… tớ nghĩ chuyện này không hay ho cho lắm.”\r\n\r\nKougami đanh mặt lại, nhưng vẫn cố giữ nụ cười và đáp lại với vẻ hoang mang. Đột nhiên, Azechi nhăn nhó.\r\n\r\n“Điều này chẳng liên quan gì tới tốt hay xấu. Ngoài mặt thôi cũng được, lúc ở trên trường, cậu vờ làm bạn với tôi là được rồi. Cậu ghét tôi cũng chẳng sao… Hơn nữa, tôi nghĩ đề nghị này cũng tốt cho cả cậu nữa.”\r\n\r\n“Tại sao?”\r\n\r\n“Ba là con số khá tàn nhẫn mà bạn Kougami?”\r\n\r\n“…”\r\n\r\nKougami tê cứng cả người. Con số ba có chỗ nào không ổn nhỉ? Tôi cũng nghiêng đầu thắc mắc. Thế rồi, ánh mắt tôi chạm phải đống đồ của Imai đang vứt nguyên trên bàn. Imai, tôi và Kougami. Ba người. Điều đó thì có gì tàn nhẫn?\r\n\r\n“Này? Cậu cũng thấy được như thế tốt hơn mà? Chúng ta làm bạn nhé?”\r\n\r\nTôi cho đây là lời đề nghị một chiều khá vô duyên. Hiển nhiên Kougami sẽ chẳng bao giờ gật đầu. Không, ít nhất tôi cũng đinh ninh là vậy. Thì bởi Kougami cũng tỏ ra khá miễn cưỡng trước lời đề nghị của Azechi.\r\n\r\n“… Vậy thì tớ nên gọi cậu là gì đây? Bạn Azechi sao? Thân thiết mà gọi là ‘bạn Azechi’ cũng không ổn nhỉ?”\r\n\r\nDo đó, tôi khá sững sờ khi nghe Kougami khẽ khàng cất giọng sau một khoảng lặng dài nặng nề. Gương mặt cậu ấy hiện rõ vẻ quyết tâm.\r\n\r\n“Ơ? Kougami? Azechi?”\r\n\r\n“Cứ gọi Ranka là được. Tôi nên gọi cậu kiểu gì bây giờ?”\r\n\r\n“Yuriko là được rồi.”\r\n\r\nMặc kệ tôi vẫn đang trợn trắng mắt ra đấy, hai người bắt đầu trò chuyện như đã đạt được một thỏa thuận gì đó. Tôi hoàn toàn không hiểu nổi sự thay đổi giữa hai cô gái và suy nghĩ trong lòng Kougami.\r\n\r\n“Hì hì, nghe lạ thật nhỉ? Yuri và Ran.”\r\n\r\nNhư thể vừa đạt được một lời cam kết hay một lời cầu chúc, nét mặt Kougami giãn ra và để lộ nụ cười. Vẻ mặt thường thấy nơi Kougami.\r\n\r\n“Phải đó, cũng vừa đúng lúc. Chúng ta chắc là có duyên gặp gỡ rồi.”\r\n\r\n“Ừ, có vẻ vậy… Thế thì, một lần nữa mong cậu giúp cho nhé, Ranka.”\r\n\r\nKougami chìa bàn tay phải ra cho Azechi. Azechi nắm lấy bàn tay đó bằng cả hai tay. Kougami cũng đặt tay trái mình lên đó. Hệt như hai người bạn thân thiết.\r\n\r\n“Vậy Yuriko, hẹn mai gặp nhé. Mà phải, con gấu bông móc ở điện thoại của cậu tuy hoàn toàn không phải gu tôi, nhưng mai tôi có thể gắn một con tương tự không?”\r\n\r\n“Tớ mua ở cửa hàng Loft trước nhà ga đó. Có lẽ vẫn còn màu khác. Mà cái này là bộ hai con Mana và Chika cơ. Đúng lúc tớ đang tính mua một cái cặp đi học mới. Hay chúng ta mua cặp đôi nhé?”\r\n\r\n“Chậc, thế cũng được. Vậy cậu nhớ tháo ngay cái đó ra nhé.”\r\n\r\n“A… ừ. Tớ hiểu. Vậy hẹn mai gặp lại.”\r\n\r\n“Ờ.”\r\n\r\nTôi còn tưởng hai người đó sẽ mãi nắm tay nhau trò chuyện mặc kệ mình, thì cuộc hội thoại đã kết thúc. Cuối cùng, Azechi buông tay và thản nhiên rời khỏi lớp học.\r\n\r\nNét mặt tôi ngơ ngác còn Kougami lại như kìm nén bao cảm xúc. Đúng lúc đó, Imai đi ngang qua Azechi và bước vào trong lớp, khẽ nhíu mày ngạc nhiên trước bầu không khí giữa chúng tôi.\r\n\r\n“… Sao thế?”\r\n\r\n“Chà… Nói sao đây.”\r\n\r\nTôi cũng chẳng biết nên nói thế nào nữa. Nói là Kougami vừa hùa với Azechi bày trò nói dối sao?\r\n\r\n“Kougami, chuyện khi nãy là sao?”\r\n\r\n“Ừ.”\r\n\r\nTrước câu hỏi của tôi, cậu ấy trả lời mà cứ như không.\r\n\r\n“Này, ‘ừ’ là sao.”\r\n\r\nKougami vuột ra tiếng thở dài, như thể cũng thấy bối rối.\r\n\r\n“Thì… có lẽ từ mai bạn Azechi sẽ thành bạn thân của tớ.”\r\n\r\n(Còn nữa)', 1, 1, 1),
(25, 'Chuyện Tình Thanh Xuân Bi Hài Của Tôi ', '146.780', 'chuyentinhhuan-04_1.jpg', 'Chuyện Tình Thanh Xuân Bi Hài Của Tôi Quả Nhiên Là Sai Lầm - Tập 12\r\n\r\nChuyện tình thanh xuân bi hài của tôi quả nhiên là sai lầm. (tên gốc: Yahari Ore no Seishun Rabukome wa Machigatteiru., gọi tắt là Oregairu), là một trong những series light novel ăn khách nhất trong vòng 20 năm trở lại đây, bộ truyện được viết bởi tác giả trẻ Wataru WATARI, do họa sĩ Ponkan8 vẽ minh họa và được xuất bản bởi NXB nổi tiếng Shogakukan.\r\n\r\nChuyện tình thanh xuân bi hài của tôi quả nhiên là sai lầm. đã dành giải light novel hay nhất của bảng xếp hạng uy tín Kono light novel ga sugoi! trong 3 năm liên tiếp là 2014, 2015 và 2016. Bên cạnh đó, nam chính và nữ chính của series này là Hachiman và Yokin oshita cũng đoạt giải nam nữ chính được yêu thích nhất trong các năm đó. Họa sĩ minh họa Ponkan8 với những bức tranh minh họa đẹp và sinh động của mình cũng được bình chọn là họa sĩ minh họa được yêu thích nhất trong năm 2015. Đến thời điểm hiện tại, series đã kết thúc với 14 tập, nhưng số sách bán ra đã vượt mốc 10 triệu bản.\r\n\r\nSau sự kiện ngày valentine và ngày tuyết rơi ở thuỷ cung, nhóm Hachiman đã quyết định bước đi của mình. Gần một năm đã qua kể từ lần đầu Hachiman bước qua cánh cửa phòng câu lạc bộ, rồi Yuigamaha tới, cùng nhau họ đã trải qua biết bao kỷ niệm đi kèm với rắc rối. Sau tất cả mọi chuyện đã xảy ra, họ đã có thể coi nhau như những người bạn thân, để biết thêm về câu chuyện riêng của đối phương cũng như kể ra câu chuyện riêng của chính mình? Không thể chấp nhận cứ mãi dừng lại và chối bỏ vấn đề, Hachiman đã đi tới quyết định trong ngày tuyết rơi ấy và lời hứa cũng đã được đưa ra.\r\n\r\nMột yêu cầu lớn cũng được gửi tới cho câu lạc bộ tình nguyện. Với yêu cầu này, câu trả lời đầy quyết tâm mà Yukino đã đưa ra là… Dù cho có phải hối tiếc về lựa chọn ấy đi chăng nữa… Để trưởng thành, người ta phải từ bỏ đi rất nhiều thứ. Yukino đã quyết định từ bỏ điều ấy để có thể trưởng thành và tự mình bước tiếp trong tương lai. Tuy nhiên, bất kể lúc nào, trước mặt chúng ta cũng chỉ có duy nhất “hiện tại” mà thôi. Với những suy nghĩ của mỗi người đuọc giữ chặt trong ngực, “câu trả lời” mà Hachiman, Yukino và Yui lựa chọn sẽ là gì đây?\r\n\r\nBộ tiểu thuyết về thanh xuân sống động đầy mới mẻ này đang đi đến những chương cuối cùng.\r\n\r\nMục lục:\r\n\r\nInterlude\r\n\r\nChương một: Cuối cùng, trời cũng sang thu, tuyết tan đi\r\n\r\nChương hai: Trông thế mà Yukinoshita Haruno vẫn chưa say\r\n\r\nInterlude\r\n\r\nChương ba: Đột nhiên, Hikigaya Komachi thay đổi\r\n\r\nChương bốn: Đến hôm nay, tôi vẫn chưa chạm vào chiếc chìa khoá ấy lần nào\r\n\r\nChương năm: Isshiki Iroha quả nhiên là đàn em mạnh nhất\r\n\r\nChương sáu: Bỗng dưng, Yuigahama ngẫm nghĩ về tương lai\r\n\r\nChương bảy: Dù biết rằng mình chắc chắn sẽ hối hận với lựa chọn này\r\n\r\nInterlude\r\n\r\nThông tin tác giả:\r\n\r\nWataru WATARI\r\n\r\nSinh năm 1987, nhóm máu A, cung Bảo Bình. Ba mươi tuổi rồi mà ngay cả câu chuyện trong bữa tối cũng bị vẩy bẩn bởi công việc. Tôi mà viết như vậy thì kiểu gì cũng bị bảo là có thời gian rảnh để ăn thì lo mà làm việc đi cho xem, đau khổ vô cùng. Ít ra phải cho tôi ăn chứ. Với tôi thì việc ăn ăn đứt tất cả các việc khác đấy…\r\n\r\nPonkan8\r\n\r\nChúc mừng kỷ niệm 10 năm thành lập Gagaga bunko! (05/2007)\r\n\r\nTrích đoạn sách:\r\n\r\nCả tôi lẫn Yuigahama đều không biết nói gì.\r\n\r\nTôi có nên tìm cơ hội để nói ra điều gì đó thích hợp không nhỉ? Kiểu như cái tên “Hachiman” của tôi còn đơn giản hơn thế nhiều, lúc đặt tên cho Komachi cả bố lẫn mẹ tôi cứ băn khoăn mãi còn đặt tên cho tôi thì một phát ăn ngay chẳng hạn.\r\n\r\nHoặc cứ để Yuigahama lo, tôi chỉ cần đỡ lời cho cậu ta là được.\r\n\r\nTuy nhiên, cả tôi lẫn Yuigahama đều chọn im lặng.\r\n\r\nChúng tôi chỉ tỏ ra rằng mình có nghe bằng hơi thở, chẳng nói một lời nào.\r\n\r\nYukinoshita và mẹ cậu ta, tiếp đến là chị Haruno.\r\n\r\nChúng tôi không biết nhiều về mối quan hệ giữa những người này. À không, tôi và Yukinoshita cũng hoàn toàn chẳng biết gì về những mối quan hệ trong gia đình của Yuigahama, mà hai người kia cũng chẳng biết rõ về nhà tôi cho lắm.\r\n\r\nChính vì vậy, điều tôi không biết còn cơ bản hơn thế nhiều.\r\n\r\nTôi không biết gì về hai người kia. Vì không biết gì nên tôi cũng không tìm được cách trả lời chính xác.\r\n\r\nHồi hoàn toàn chưa biết gì, tôi còn có được một vài tấm kim bài miễn tử.\r\n\r\nNếu không biết gì về người kia thì có nói một vài điều kỳ quặc cũng chẳng sao. Nếu không biết gì về người kia thì có hiểu lầm một hai điều cũng là chuyện thường tình. Nếu không biết về người kia thì không can dự tới nhau cũng là lẽ đương nhiên. Nếu dính đến chuyện phiền phức chỉ cần giả bộ không biết gì là được, vì thực sự mình cũng chẳng biết gì mà.\r\n\r\nCó điều, chúng tôi lại biết nhau ở mức độ không thể phớt lờ, không thể giả vờ rằng mình không biết gì được. Tầm này mà vẫn giả vờ như vậy thì chẳng còn là liêm sỉ nữa.\r\n\r\nRốt cuộc tôi vẫn chưa biết được cách ứng xử hợp lý nhất cho mối quan hệ hiện tại. Ngoài mặt, tôi nghĩ rằng mình có thể cùng nói chuyện, bày tỏ sự đồng cảm ở mức tương đối, kể ra những câu chuyện ở cùng mức độ với mình, đưa ra những lời khuyên không quá gượng ép. Có lẽ đây chính là câu trả lời mẫu. Chắc ai cũng có thể nói ra những lời này một cách vô cùng tự nhiên.\r\n\r\nTuy nhiên, vì muốn loại bỏ những thứ giả dối ấy nên chúng tôi mới như này.\r\n\r\nTrong vô thức, tôi nắm chặt lấy lon cà phê. Lon cà phê làm bằng thép nên không bị móp. Thay vào đó, ngón tay tôi run run và tiếng cà phê trong lon nhẹ nhàng vang lên.\r\n\r\nChúng tôi im lặng đến mức có thể nghe được những âm thanh nhỏ nhắn đến vậy đấy.\r\n\r\nTôi chậm rãi đưa lon cà phê lên miệng, sau đó lắc nhẹ một cái để kiểm tra lượng cà phê còn lại. Tôi quyết định sau khi uống xong sẽ tiếp tục nói chuyện.\r\n\r\nMột khi đã ra quyết định thì tôi sẽ làm. Trước giờ vẫn vậy. Dù có bị cuốn vào điều gì, vướng vào chuyện gì, mắc vào việc thì rốt cuộc, đến cuối cùng tôi vẫn phải tự ra quyết định.\r\n\r\nĐây chính là bản tính của tôi. Khả năng quyết đoán này chẳng đáng khen ngợi đâu, mà tôi cũng chẳng thấy tự hào, đấy chỉ là thói quen tôi tập được thôi. Kẻ cô đơn thường chỉ có một mình, thế nên tôi đều làm mọi thứ một mình. Cũng giống kiểu một cầu thủ chơi được nhiều vị trí thôi, cơ mà tôi cũng không phải là người vạn năng nên cái gì tôi cũng kém hết. Có chăng tôi chỉ giỏi mỗi việc huyễn hoặc bản thân để tự thuyết phục mình từ bỏ.\r\n\r\nCó điều, giờ đây tôi dường như không thể tự lừa dối bản thân mình bằng những lời ngớ ngẩn ấy nữa.\r\n\r\nĐể tôi nói thẳng.\r\n\r\nTrên thực tế, tôi cho rằng mình đã luôn né tránh, không suy nghĩ gì đến những chuyện sau này.\r\n\r\nTôi có cảm giác rằng “chạy trốn” nghe không được chính xác cho lắm. “Né tránh” ắt là sát nghĩa nhất rồi.\r\n\r\nCó thể nói rằng tôi đang thoái thác cũng được.\r\n\r\nChứ nhất định không phải là chạy trốn.\r\n\r\nHiện giờ, tôi đang cảm thấy rất khó chịu.\r\n\r\nRốt cuộc, thứ tôi cần chẳng phải là câu trả lời, cách giải quyết hay kết luận gì hết. Điều tôi mong muốn là mọi chuyện sẽ biến mất. Tôi chỉ trông chờ vào một kết thúc mập mờ, rằng những vấn đề nan giải trước mặt mình sẽ tan thành mây khói trong mơ hồ.\r\n\r\nTôi nghĩ có lẽ tất cả chúng tôi đều vô thức mong muốn rằng mãi mãi sẽ chẳng có chuyện gì xảy ra giống như bây giờ. Có lẽ tôi hơi tự phụ khi cho rằng mình có thể đoán được tâm tư của hai người kia, nhưng chắc tôi cũng không sai nhiều cho lắm đâu.\r\n\r\nLý do là vì chúng tôi đã cùng sinh hoạt với nhau trong một khoảng thời gian đan xen giữa hạnh phúc và bất hạnh, giống như một giấc chiêm bao, giống như cái người ta gọi là “mưa dầm thấm lâu”.\r\n\r\nTuy nhiên, tôi biết rằng điều đó sẽ không thành hiện thực.\r\n\r\nYuigahama Yui đã đưa ra câu hỏi.\r\n\r\nYukinoshita Yukino cũng đã tỏ ý muốn trả lời.\r\n\r\nVậy còn Hikigaya Hachiman thì sao đây.\r\n\r\nChắc tôi trong quá khứ sẽ cười khẩy vào tình cảnh ấm cúng này. Chắc tôi trong tương lai sẽ không chấp nhận thứ kết luận chẳng thể gọi là câu trả lời ấy. Tôi ở hiện tại vẫn chưa biết thế nào mới là chính xác, thế nhưng lại luôn mang trong lòng cảm giác rằng bản thân mình đang sai lầm.\r\n\r\nVậy thì, có lẽ việc tôi nên làm lúc này là nỗ lực sửa chữa sai lầm ấy. Tôi cần bắt chuyện.\r\n\r\nSau khi uống cạn lon cà phê đã nguội ngắt, tôi mở miệng.\r\n\r\nLúc đầu chỉ có tiếng thở dài thoát ra khỏi miệng tôi. Tiếp đến là những tiếng ậm ừ khi đang lựa chọn từ ngữ. Cuối cùng, tôi mới nói thành lời.\r\n\r\n“Yukinoshita. Tôi có thể hỏi về chuyện của cậu không?”\r\n\r\n…. (Còn nữa)', 1, 1, 1),
(26, 'Miền Đất Hứa - The Promised Neverland - Tập 6', '35.200', 'neverland6_biaao_trang.jpg', 'Một thiếu nữ bí ẩn đã tiếp cận đám trẻ đang gấp rút tìm nơi an toàn. Rốt cuộc cô là ai!? Cùng lúc, sau khi tách khỏi mọi người để làm mồi nhử, Ray bị lũ quỷ ở nông trại truy đuổi và bao vây. Liệu cậu có thể gặp lại gia đình!?\r\n\r\nHỡi những đứa trẻ không có tương lai, hãy đứng lên đối đầu với tuyệt vọng! Cuộc vượt ngục không tưởng sẽ đi đến đâu!?', 1, 1, 1),
(28, 'Hoàng Tử Bé (Tái Bản 2019)', '22.500', 'image_182433.jpg', '“Hoàng Tử Bé” (tên tiếng Pháp: Le Petit Prince) xuất bản năm 1943 và là tác phẩm nối tiếng nhất trong sự nghiệp của nhà văn phi công Pháp Antoine de Saint-Exupéry. Tác phẩm đã được dịch sang hơn 250 ngôn ngữ và cho đến nay đã bán được hơn 200 triệu bản khắp thế giới.\r\n\r\nCuốn sách đẹp như một bài thơ thanh sáng, một câu chuyện cổ tích về tình yêu thương, lòng nhân ái, ý nghĩa của sự tồn tại, về sự cảm thông giữa người với người...\r\n\r\nSự giản dị trong sáng tỏa khắp tác phẩm đã khiến nó trở thành một bài thơ bất hủ mà mãi mãi người ta muốn đem làm quà tặng của tình yêu.', 2, 1, 1),
(29, 'Nghìn Lẻ Một Đêm', '141.750', 'nghinle1dem_1.jpg', '', 2, 1, 1),
(30, 'Các Nàng Công Chúa Lương Thiện Và Đáng Yêu', '110.000', '8935212330657.jpg', 'Truyện Cổ Tích Hay Nhất - Các Nàng Công Chúa Lương Thiện Và Đáng Yêu\r\n\r\nBộ sách “Truyện cổ tích hay nhất” với nhiều câu chuyện hay, hấp dẫn kể về các nàng công chúa có những phẩm chất cao quý như: lương thiện, đáng yêu; thông mình, nhanh chí; lạc quan, tự tin; chăm chỉ, dũng cảm; xinh đẹp, dịu dàng. Các công chúa sẽ đưa chúng ta bước vào thế giới cổ tích diệu kỳ, nơi diễn ra cuộc chiến đấu của hai phái thiện và ác,…', 2, 1, 1),
(31, 'Dế Mèn Phiêu Lưu Ký - Tái Bản 2020', '42.500', 'de-men-50k_1.jpg', 'Ấn bản minh họa màu đặc biệt của Dế Mèn phiêu lưu ký, với phần tranh ruột được in hai màu xanh - đen ấn tượng, gợi không khí đồng thoại.\r\n\r\n“Một con dế đã từ tay ông thả ra chu du thế giới tìm những điều tốt đẹp cho loài người. Và con dế ấy đã mang tên tuổi ông đi cùng trên những chặng đường phiêu lưu đến với cộng đồng những con vật trong văn học thế giới, đến với những xứ sở thiên nhiên và văn hóa của các quốc gia khác. Dế Mèn Tô Hoài đã lại sinh ra Tô Hoài Dế Mèn, một nhà văn trẻ mãi không già trong văn chương...” - Nhà phê bình Phạm Xuân Nguyên\r\n\r\n“Ông rất hiểu tư duy trẻ thơ, kể với chúng theo cách nghĩ của chúng, lí giải sự vật theo lô gích của trẻ. Hơn thế, với biệt tài miêu tả loài vật, Tô Hoài dựng lên một thế giới gần gũi với trẻ thơ. Khi cần, ông biết đem vào chất du ký khiến cho độc giả nhỏ tuổi vừa hồi hộp theo dõi, vừa thích thú khám phá.” - TS Nguyễn Đăng Điệp', 2, 1, 1),
(32, 'Truyện Tiềm Thức Cho Bé Tập Nói Tập Đọc', '71.200', '9786048874308.jpg', 'Bố mẹ nên đọc cho con theo các bước:\r\n\r\n1. Đọc cho con toàn bộ truyện và nhớ chỉ vào từng chữ, từng hình\r\n\r\n2. Đọc cho con toàn bộ truyện nhưng bỏ lửng chỗ có hình để bé tự điền vào\r\n\r\n3. Để bé tự đọc, bố mẹ sẽ ngạc nhiên vì bé ghi nhớ rất nhanh\r\n\r\nĐể tác động vào tiềm thức của các con, giúp các con yêu sách, hứng thú mỗi khi đọc sách, kích thích não bộ, tăng khả năng sáng tạo, trí nhớ và hình thanh nhân cách tốt...', 2, 1, 1),
(33, 'Ehon - Cây Sồi (Tái Bản 2020)', '34.300', 'image_197801.jpg', 'Xuyên qua cánh rừng nọ, có một cây Sồi nhỏ mọc trên cánh đồng. Năm nay là năm đầu tiên cây Sồi ra quả. Và câu chuyện được vẽ ra từ đây.\r\n\r\nCây Sồi luôn mong rằng có bạn nào đó ăn quả của mình. Và rồi, cũng có một chú Sóc đến ăn quả Sồi, Sồi vô cùng mong đợi lời khen ngợi của Sóc. Nhưng ngược lại Sóc chỉ ăn và chê bai quả Sồi quá dở. Cây Sồi buồn bã, cứ nghĩ rằng do bản thân mình không ra được trái ngon. Sồi càng nghĩ ngợi thì quả của nó lại càng đắng. Từ đó, muôn thú trong rừng truyền tai nhau bài hát “Quả sồi vừa đắng vừa cứng. Dù có nấu, có nướng cũng không thể nào ăn được.” Nhưng ngờ đâu sự thật là chú Sóc kia đã ăn trúng quả vẫn con xanh nên cậu ấy không cảm nhận vị ngon của Sồi. Và Sồi cứ nghĩ những điều Sóc nói là sự thật.\r\n\r\nVài năm trôi qua, Sồi không cho ra được quả nào cả. Sồi cũng không còn được tươi tắn như trước, nhưng thân cây Sồi thì rất vững chãi. Rồi bỗng nhiên, có một chú Sóc ngang qua và muốn chọn cây Sồi này làm nhà. Nhưng Sồi không đồng ý, vì cậu ấy vẫn còn nhớ đến việc tại sao cậu ấy không cho được quả. Sồi rất ghét loài Sóc.\r\n\r\nNhưng rồi Sóc cũng cảm hóa được Sồi chỉ vì một câu nói “Ơ, nhưng mà tớ thích cậu. Tớ muốn ở đây!”  Và  Sồi đã cho Sóc ở chung với Sồi. Sóc xây nhà cho mình thật đẹp trên thân cây Sồi. Hai bạn rất vui vẻ với nhau, ngôi nhà của Sóc được muông thú trong rừng thích thú và mong muốn có được, cũng từ đó quanh cây Sồi lúc nào cũng vui vẻ và náo nhiệt tiếng của các loài trò chuyện.\r\n\r\nRồi một hôm bạn của Sóc đến chơi, và hát lại bài hát về cây Sồi “Quả sồi vừa đắng vừa cứng. Dù có nấu, có nướng cũng không thể nào ăn được.” Sau khi nghe, Sóc lập tức phản bác lại và khẳng định rằng nhất định Sồi sẽ cho ra quả ngon. Từ đó, Sóc cứ chăm sóc Sồi hàng ngày, mặc dù Sồi có mất niềm tin, hay hất hủi Sóc tới đâu đi chăng nữa, Sóc vẫn luôn chăm sóc, an ủi và đồng hành cùng Sồi. Sóc nói với Sồi rằng: “Dù cậu có ra quả hay không,  thì tớ vẫn yêu quý cậu mà.”\r\n\r\nVà thời gian đã chứng mình bằng những quả Sồi thơm ngon, và thời gian cũng chứng minh rằng yêu thương là liều thuốc chữa lành mọi tổn thương và là một phép màu thần kỳ để cứu lấy sự sống của bất kỳ ai đang tuyệt vọng.\r\n\r\nBố mẹ ơi, bố mẹ có thấy điều gì trong câu chuyện này không. Chỉ đơn giản là câu chuyện xoay quanh cây Sồi và Sóc thôi nhưng mang lại rất nhiều điều khiến chúng ta phải ngẫm nghĩ.\r\n\r\n Chỉ đơn giản là yêu thương thôi, cũng có thể cỗ vũ cho sự phát triển của người khác.\r\n Chỉ đơn giản là tin tưởng thôi, cũng có thể cứu vớt lấy sự sống cho một ai đó.\r\n Chỉ đơn giản là sự đồng hành, cũng có thể giúp đỡ được một ai đó đang mất hy vọng.', 3, 1, 1),
(34, 'Truyện Ehon Nhật Bản: Ai Ở Sau Lưng Bạn Thế?', '23.200', '8936056791840_1_1.jpg', 'Truyện Ehon Nhật Bản: Ai Ở Sau Lưng Bạn Thế? - Những Người Bạn Trên Hoang Mạc\r\nAi ở sau lưng bạn thế? là bộ truyện Ehon Nhật Bản gồm 6 cuốn dành cho các bé từ 0 - 3 tuổi theo chủ đề về các loài động vật. Điểm thú vị của truyện chính là những bức tranh gồm một loài động vật cụ thể và một phần chi tiết về một con vật khác. Các mẹ và các bé có thể cùng đọc và cùng chơi trò chơi đoán xem bộ phận đó của con vật nào? Các bức tranh đều mở ra những câu hỏi như “Ai ở sau lưng bạn Nhím nhỉ?”, “Ai ở bên dưới bạn Cá Ngựa nhỉ?” “Ai ở bên trên bạn Hươu cao cổ nhỉ?”… chắc chắn sẽ đem lại cho các bé từ 0 - 3 tuổi những kiến thức mới, vô cùng bổ ích.\r\n\r\nCác bé đã từng nghe về hoang mạc chưa? Trên hoang mạc thì có những loài động vật nào sinh sống nhỉ? Bạn Ngựa Vằn, bạn Voi, bạn Tê Giác, và cả bạn Tắc Kè cùng vô vàn bạn khác nữa. Các bé hãy nhận biết từng bạn thông qua trò chơi “nhìn bộ phận đoán tên loài vật” trong cuốn sách này.', 3, 1, 1),
(35, 'Ehon - Mọt Sách Mogu - Nỗi Buồn Ốc Sên', '20.000', 'image_195509_1_39592.jpg', 'Đây là cuốn Ehon được Hoàng Thái hậu Nhật Bản Michiko đặc biệt yêu thích và giới thiệu với mọi người. Cuốn truyện bà đã đọc khi bé đã giúp bà vượt qua những khó khăn khi đã trưởng thành.\r\n\r\nMột chú Ốc sên vô cùng buồn khổ khi nghĩ rằng chiếc vỏ trên lưng mình chất đầy nỗi buồn nên chú lúc nào cũng chậm chạp và nặng nề như vậy. Chú cõng chiếc vỏ đi khắp nơi để bày tỏ nỗi buồn của mình với tất cả bạn bè, rồi nỗi buồn của chú có tan biến hay không?', 3, 1, 1),
(36, 'Ehon - Terry Và Quyển Sách Tuyệt Vời', '63.200', 'terry-va-quyen-sach-tuyet-voi-terry-and-the-brilliant-book_1_1.jpg', 'Ehon - Terry Và Quyển Sách Tuyệt Vời - Quyển Sách Này Sẽ Tuyệt Hơn Nữa Nếu Được Đọc Cùng Bạn Bè\r\n\r\nTerry và Sue là những người bạn tốt nhất của nhau. Mỗi dịp sinh nhật, hai bạn đều tặng nhau một quả bóng.\r\n\r\nĐối với Terry và Sue, bóng là đồ chơi thú vị nhất cho đến khi SÁCH xuất hiện. Quyển sách đã đến thật bất ngờ vào ngày sinh nhật của Terry và chiếm lấy mọi sự chú ý của hai bạn. Trong cuốn sách có gì mà hấp dẫn vậy nhỉ? Hấp dẫn đến nỗi một khi người ta đọc là không thể nào dừng lại được.\r\n\r\nCuốn sách có thể khiến cho hai bạn khóc hu hu rồi lại cười ha ha sảng khoái. Sách không thể nảy, không thể đánh bổng, không thể ném lên cao như bóng nhưng sách lại mang đến điều kỳ diệu hơn thế nhiều. Sách tuyệt vời như vậy nhưng có vẻ Terry và Sue lại không được vui vẻ như các bạn ấy nghĩ. Chuyện gì đã xảy ra? Tại sao Terry và Sue lại không vui vậy nhỉ? Các bạn nhỏ hay theo dõi thật kỹ câu chuyện để khám phá xem những sự kiện nào đã diễn ra kể từ khi hai người bạn đọc cuốn sách nhé!\r\n\r\n“Terry và cuốn sách tuyệt vời” sẽ kể cho bé một câu chuyện thật gần gũi, thân thuộc của mọi người bạn trên đời. Cuốn sách là một cuộc hành trình tìm thấy điều quan trọng nhất của tình bạn, đó là việc chia sẻ và cùng nhau thực hiện những niềm vui trong cuộc sống. Bé sẽ nhận ra đồ chơi có vui đến nhường nào thì người bạn tốt của mình vẫn là điều tuyệt vời nhất. Và niềm vui sẽ trở nên hoàn hảo hơn nữa khi bạn bè chơi cùng nhau.\r\n\r\nGIỚI THIỆU TÁC GIẢ\r\n\r\nNicola Kent\r\n\r\nNicola Kent từng là nhà sản xuất chương trình truyền hình của đài BBC và Channel 4 trong 10 năm trước khi trở thành tác giả và họa sĩ minh họa sách thiếu nhi. Sau đó cô theo học thạc sĩ và tốt nghiệp loại giỏi ngành Minh họa sách thiếu nhi tại trường Mỹ thuật Cambridge. Năm 2016, cô được đánh giá cao trong cuộc thi MacMillan Prize dành cho lĩnh vực minh họa. Năm 2019, cô được Independent Booksellers ở Vương quốc Anh bình chọn là Họa sĩ minh họa mới xuất sắc nhất.\r\n\r\nNăm 2019, cuốn sách “Người mẹ khỏe nhất” được đề cử Giải thưởng Minh họa Thế giới. Tờ The Observer nhận xét cuốn sách “Người mẹ khỏe nhất” là “Tựa sách đầu tay xuất sắc… Một câu chuyện ngọt ngào như mật ong.”', 3, 1, 1),
(37, 'Truyện Ehon Nhật Bản: Ai Ở Sau Lưng Bạn Thế?', '23.200', '8936056791864.jpg', 'Truyện Ehon Nhật Bản: Ai Ở Sau Lưng Bạn Thế? - Những Người Bạn Trên Cánh Đồng\r\nAi ở sau lưng bạn thế? là bộ truyện Ehon Nhật Bản gồm 6 cuốn dành cho các bé từ 0 - 3 tuổi theo chủ đề về các loài động vật. Điểm thú vị của truyện chính là những bức tranh gồm một loài động vật cụ thể và một phần chi tiết về một con vật khác. Các mẹ và các bé có thể cùng đọc và cùng chơi trò chơi đoán xem bộ phận đó của con vật nào? Các bức tranh đều mở ra những câu hỏi như “Ai ở sau lưng bạn Nhím nhỉ?”, “Ai ở bên dưới bạn Cá Ngựa nhỉ?” “Ai ở bên trên bạn Hươu cao cổ nhỉ?”… chắc chắn sẽ đem lại cho các bé từ 0 - 3 tuổi những kiến thức mới, vô cùng bổ ích.\r\n\r\nTrên cánh đồng bạn Lợn, bạn Cừu, bạn Bò…. đang thong thả dạo chơi, các bé có biết phía sau lưng bạn Lợn là bạn nào đang đứng không? Các em thử nhìn phần đầu của bạn ấy và cùng thử tài phán đoán. Còn rất nhiều bạn khác nữa đang đứng phía sau.', 3, 1, 1),
(38, 'Con Mình Chẳng Lẽ Lại Vứt', '122.180', 'image_228547.jpg', 'Qua cuốn sách này, ba tác giả muốn truyền tải đến các bậc phụ huynh thông điệp: Con bạn đang sống trong một thế giới mà bạn không thể tưởng tượng được khi ở độ tuổi của chúng. Những cách làm cha mẹ hiệu quả của thế hệ trước sẽ không còn hiệu quả nữa. Bạn không biết điều gì mới là quan trọng với con mình, bạn cũng không hiểu những giá trị của chúng. Việc cố gắng áp dụng các kỹ thuật kiểm soát và trừng phạt của cha mẹ truyền thống sẽ chỉ tạo ra những đứa trẻ không hạnh phúc, thậm chí gây tổn hại đến sức khỏe tâm thần của chúng.\r\n\r\nĐọc Con mình chẳng lẽ lại “vứt”?, bạn sẽ tìm được những lời khuyên, được nghe những câu chuyện, hiểu hơn về những tư duy và nguyên tắc linh hoạt có thể áp dụng trong gia đình, từ đó giúp bạn tìm ra cách nuôi dạy con hiệu quả hơn, bớt hoang mang với vai trò làm cha mẹ của mình trong một thế giới đang thay đổi dữ dội.\r\n\r\nSách được chia thành 5 phần chính gồm:\r\n\r\n“Nhìn cây sửa đất, nhìn con sửa mình”\r\n\r\nDạy con có động lực và thói quen học\r\n\r\nRèn con thái độ sống đúng\r\n\r\nCác vấn đề của tuổi vị thành niên\r\n\r\nĐể con trưởng thành, cha mẹ cần dũng cảm\r\n\r\n* Đối tượng:\r\n\r\nCác bậc phụ huynh nói chung và phụ huynh có con trong độ tuổi vị thành niên nói riêng.\r\n\r\nCác đoạn trích hay:\r\n\r\n“Con cái chúng ta phải chịu áp lực học hành thi cử, cộng thêm thái độ sốt sắng của cha mẹ đối với việc học đã khiến bọn trẻ nghĩ rằng chúng đang học vì bố mẹ. Hãy nói với con những điều này, để con hiểu con học là vì con, cho cuộc sống của chính con chứ không vì ai khác.\r\n\r\nHãy nói rằng khi có kiến thức con sẽ không hoang mang và sợ hãi bất kỳ điều gì trên đời. Khi hiểu luật, ra đường con sẽ không sợ cảnh sát; khi hiểu về khoa học, con sẽ không tin vào những điều nhảm nhí phản khoa học và cũng sẽ biết sống và sắp xếp cuộc sống của mình một cách khoa học. Có kiến thức, con sẽ vững vàng và tự tin. Kiến thức là thứ tài sản duy nhất không ai có thể lấy đi của con. Con sẽ nhận được sự tôn trọng của mọi người khi con biết sử dụng kiến thức một cách đúng đắn vào công việc và cuộc sống.\r\n\r\nVà tất cả chúng ta, những người lớn trưởng thành, những người làm cha mẹ, cũng đừng quên trau dồi kiến thức để trở thành phiên bản tốt hơn của chính mình ngày hôm qua.” (Cherry Vũ)\r\n\r\n***\r\n\r\n“Có hai điều thực sự quan trọng, con của cha. Đó là Tình yêu và Tiền bạc. Cái nào quan trọng hơn, cánh tay của con hay đôi chân con? Cả hai đều quan trọng. Tương tự như vậy, đừng để ai nói với con tình yêu là tất cả và tiền bạc không quan trọng.\r\n\r\nNếu không có sự độc lập về tài chính, con không thể tự do tận hưởng tình yêu trong cuộc sống, con cũng không thể mang đến cho những người thân yêu của mình những gì con mong muốn.\r\n\r\nTuy nhiên, việc theo đuổi tiền bạc vì lợi ích của chính nó là bệnh hoạn. Điều đó dẫn đến chuyện người ta đo lường sự giàu có bằng việc nhiều tiền hơn những người khác. Con nên biết mình cần bao nhiều tiền và con kiếm tiền vì những gì nó mang lại cho con và những người thân yêu của con, không phải vì lợi ích của chính nó. Nhưng hãy kiếm tiền. Tự do không có nghĩa là không có gì để mất. Tự do là có thể mất mà vẫn còn đủ.\r\n\r\nKhi con 20 tuổi, con có thể sống bằng tình yêu, nhưng không phải như thế khi con 30 hay 40 tuổi với những đứa con. Hãy kiếm tiền trước chứ đừng chờ đến lúc đó. Ở tuổi thiếu niên và đôi mươi, con có năng lượng vô hạn, có sự nhiệt tình cuồng nhiệt, sự tự tin thái quá, không sợ hãi và có đủ thời gian để thất bại một vài lần.\r\n\r\nHãy bắt đầu với tiền. Rồi tình yêu sẽ đến.” (Rob England)\r\n\r\nVề tác giả:\r\n\r\nCherry Vũ:\r\n\r\nTiến sĩ chuyên ngành Quản lý công, Đại học Victoria, Wellington, New Zealand\r\n\r\nChị hiện là một trong những Admin của nhóm Facebook Đồng hành cùng con tuổi dậy thì với khoảng 30.000 thành viên. Các bài viết của chị nhận được sự hưởng ứng nhiệt tình của các bậc phụ huynh quan tâm đến chủ đề giáo dục con trong độ tuổi vị thành niên\r\n\r\nRob England:\r\n\r\nChuyên gia quốc tế, nhà lãnh đạo tư tưởng trong lĩnh vực quản lý tiên tiến\r\n\r\nLà người chịu nhiều ảnh hưởng của văn hóa Kiwi\r\n\r\nDavid Nguyễn:\r\n\r\nLà con trai họ\r\n\r\nMột cây viết tuyệt vời với nhiều bài viết đã được xuất bản\r\n\r\nSắp lấy bằng đại học về Tâm lý và Thương mại\r\n\r\nChủ thương hiệu thời trang Hype Meets Vintage', 4, 1, 1),
(39, 'Để Con Được Ốm - Tái Bản 2018', '76.000', '_64dd4bafbd850ab6a1872550bb340f9d70041bc62199c79a0b_pimgpsh_fullsize_distr.jpg', 'TOP 100 BEST SELLER - Để Con Được Ốm\r\nĐể con được ốm có thể coi là một cuốn nhật ký học làm mẹ thông qua những câu chuyện từ trải nghiệm thực tế mà chị Uyên Bùi đã trải qua từ khi mang thai đến khi em bé chào đời và trở thành một cô bé khỏe mạnh, vui vẻ. Cùng với những câu chuyện nhỏ thú vị của người mẹ là lời khuyên mang tính chuyên môn, giải đáp cụ thể từ bác sỹ Nguyễn Trí Đoàn, giúp hóa giải những hiểu lầm từ kinh nghiệm dân gian được truyền lại, cũng như lý giải một cách khoa học những thông tin chưa đúng đắn đang được lưu truyền hiện nay, mang đến góc nhìn đúng đắn nhất cho mỗi hiện tượng, sự việc với những kiến thức y khoa hiện đại được cập nhật liên tục. Cuốn sách sẽ giúp các bậc phụ huynh trang bị một số kiến thức cơ bản trong việc chăm sóc trẻ một cách khoa học và góp phần giúp các mẹ và những-người-sẽ-là-mẹ trở nên tự tin hơn trong việc chăm con, xua tan đi những lo lắng, để mỗi em bé ra đời đều được hưởng sự chăm sóc tốt nhất.\r\n\r\nTrên thị trường có nhiều đầu sách về chăm sóc trẻ, tuy nhiên đa phần đều là nội dung được dịch từ các sách nước ngoài nên phần nào đó không phù hợp với các gia đình Việt bởi sự khác biệt về suy nghĩ và ý thức hệ cùng những quan niệm sống. Đặc biệt là các cuốn sách ấy không bao giờ nhắc tới cách xử lý các vấn đề đời thường, những kinh nghiệm dân gian hay phương pháp chăm sóc trẻ từ “kinh nghiệm cá nhân” của các mẹ tràn lan trên các diễn đàn và mạng xã hội - những điều đang tồn tại trong xã hội Việt ta hiện nay. Do đó,Để con được ốm trở thành một tác phẩm độc đáo khi đi sâu vào vấn đề chăm sóc con trẻ cùng những điều bất cập trong xã hội Việt, trong những gia đình Việt, giữa các thành viên trong gia đình. Để con được ốm không phải là cuốn “bách khoa toàn thư” chữa bách bệnh ở trẻ em, nó đơn giản là lời sẻ chia và động viên gửi đến các bà mẹ trẻ nói riêng và các gia đình nói chung.\r\n\r\nHi vọng, cuốn sách sẽ khiến các bậc phụ huynh cảm thấy như một luồng gió mát giúp “cởi phăng”, “cuốn bay” những suy nghĩ, những định kiến không đúng như những lớp áo giáp vững chắc về hiều biết, về cách chăm sóc trẻ khi bệnh cũng như khi khỏe.\r\n\r\nNhận xét\r\n\r\n“Khi cầm cuốn sách trên tay, tôi cảm thấy hết sức thú vị vì nội dung của nó đã gạt bỏ hầu hết mọi quan niệm về chăm sóc trẻ theo “kinh nghiệm” truyền tai của các bà mẹ - nuôi con nhìn sang nhà hàng xóm. Đặc biệt hơn, nó được tổng kết từ thực tế chăm sóc con của một bà mẹ trẻ. Những rắc rối hết sức đời thường tưởng như nhỏ nhặt ấy đã được giải đáp và phân tích một cách cặn kẽ bằng các chứng cứ khoa học và những lời khuyên cũng hết sức đời thường.”\r\n\r\n(Bs. Ngô Đức Hùng, Bệnh viện Bạch Mai)\r\n\r\n\"Từ giây phút đầu tiên cầm quyển sách trên tay, tôi biết rằng quyển sách này sẽ tạo ra sự thay đổi trong nhận thức của cha mẹ Việt về cách chữa trị bằng trái tim yêu thương, thay vì việc chữa trị thông thường thông qua các biểu hiện bệnh lý.\"\r\n\r\n(Mrs. Jeannie Chan-Ho, Viện trưởng Viện Giáo dục Shichida Việt Nam)\r\n\r\n\"Sức khỏe của con luôn là mối quan tâm hàng đầu của mẹ. Chỉ cần con hắt hơi thôi là lo lắng có phải bệnh không? Khi con bệnh, mình chăm sóc sao đây? Sao tháng này con tăng ký ít vậy? Phát triển vậy có bình thường không? Có suy dinh dưỡng không? Hôm nay con ăn có vài muỗng, sao đủ chất? Bao nhiêu lo lắng, từ lớn đến nhỏ đều được Bác sĩ Trí Đoàn giải thích rõ ràng, dễ hiểu và mang tính khoa học. Nhiều kinh nghiệm dân gian chưa đúng cũng được mổ xẻ, phân tích giúp các mẹ hiểu cái gì nên giữ lại, cái gì nên điều chỉnh cho đúng. Thậm chí, những người trong ngành y như tôi cũng được cập nhật những kiến thức cũ thành mới. Có thể nói, chưa quyển sách nào làm đươc điều này. Tôi tin Để con được ốm là một quyển sách đáng để gối đầu giường cho các bà mẹ, giúp các mẹ tự tin chăm sóc bé yêu một cách tốt nhất!\"\r\n\r\n(Bs. Anh Thy - Chuyên viên Tư vấn Sữa mẹ Quốc tế tại Việt Nam)\r\n\r\n\"Cái hay của sách là giúp chúng ta - những học trò bỡ ngỡ trong lớp học “làm cha mẹ” - giảm bớt áp lực trong quá trình nuôi con. Nuôi con không bao giờ nhàn nhã, nhưng nên mang đến niềm vui, thay vì sự căng thẳng và những chuỗi ngày dài băn khoăn lo lắng, rồi dẫn tới bao điều không hay khác.\"\r\n\r\n(Bs. Đinh Huỳnh Linh, Bệnh viện Tim mạch Quốc gia)', 4, 1, 1),
(40, 'Làm Cha Mẹ Tỉnh Thức', '97.300', 'image_216377.jpg', 'Khi nuôi dạy con cái, ta thường xuyên bắt gặp mình đứng trước cuộc chiến giữa lý trí và con tim, như luôn phải đi thăng bằng trên dây. Một phản ứng không phù hợp có thể làm khô héo tâm hồn con, ngược lại, một lời khen ngợi đúng lúc có thể tạo cảm hứng để con thăng hoa. Trong mỗi khoảnh khắc, ta đều phải lựa chọn xây hay phá, sưởi ấm hay làm nguội lạnh tâm hồn con trẻ.\r\n\r\nHầu hết phụ huynh chúng ta đều vô tình vấp vào cái bẫy của việc áp đặt mong muốn của mình lên con cái. Hệ quả là thay vì nuôi dưỡng, mối quan hệ cha mẹ - con cái lại thường xuyên bóp chết tâm hồn đứa trẻ. Đây là lý do mấu chốt tại sao hiện nay rất nhiều trẻ em lớn lên trong hoang mang và trong nhiều trường hợp để lại hậu quả bệnh lý.\r\n\r\nĐiều quan trọng nhất bạn phải nhận ra khi nuôi dạy con là không phải mình đang nuôi dưỡng một \"bản sao thu nhỏ\", mà là một linh hồn sống động riêng biệt. Con cái không phải là vật sở hữu của ta theo bất cứ cách nào. Khi hiểu sâu sắc điều này, ta biết điều chỉnh cách nuôi dưỡng con theo nhu cầu của con, chứ không nhào nặn con cho vừa với nhu cầu của ta.\r\n\r\nLàm cha mẹ tỉnh thức được viết ra với mong muốn độc giả, những người ngày ngày vật lộn với thiên chức làm cha mẹ - đặc biệt là những bậc phụ huynh đang có con ở tuổi vị thành niên, tìm thấy phao cứu sinh của mình.\r\n\r\nVà không bao giờ là muộn ngay cả đối với những phụ huynh đang gặp khó khăn trong việc gần gũi với con ở bất kỳ lứa tuổi nào. Tất nhiên, nếu bạn có con nhỏ hơn thì việc thiết lập nền tảng vững chắc càng sớm càng mang lại nhiều lợi ích.\r\n\r\n- Cuốn sách được ĐỨC ĐẠT LAI LẠT MA viết lời giới thiệu\r\n\r\nLàm cha mẹ tỉnh thức cũng là sách New York Times Besteller 2019\r\n\r\n4,7*/5 với 1,607 lượt đánh giá trên trang Amazon.com\r\n\r\n4,2*/5 với 3,748 lượt đánh giá trên trang Goodreads.com\r\n\r\n \r\n\r\nMục lục:\r\n\r\nLời khen tặng\r\n\r\nLời tựa\r\n\r\nĐôi điều gửi các bậc phụ huynh\r\n\r\nChương 1: Một con người đích thực, như chính ta\r\n\r\nChương 2: Mục đích tâm linh khi ta sinh con\r\n\r\nChương 3: Giải phóng con khỏi sự phán xét của ta\r\n\r\nChương 4: Thổi bay cái tôi\r\n\r\nChương 5: Có phải con đang lớn lên\r\n\r\nChương 6: Cuộc đời khôn ngoan\r\n\r\nChương 7: Trẻ sơ sinh và “khủng hoảng tuổi lên hai” – thử thách lớn của cuộc đời\r\n\r\nChương 8: Chuyển từ vai chính sang vai phụ\r\n\r\nChương 9: Sự điên rồ của việc làm cha mẹ\r\n\r\nChương 10: Dạy con bằng sự trọn vẹn thay vì những vết thương\r\n\r\nChương 11: Tổ ấm hiện tại\r\n\r\nChương 12: Sự kì diệu của những điều bình dị\r\n\r\nChương 13: Gạt bỏ những kì vọng lớn lao\r\n\r\nChương 14: Tạo không gian tỉnh thức trong cuộc sống của con\r\n\r\nChương 15: Luôn hiện hữu để kết nối với con\r\n\r\nChương 16: Đối mặt với lỗi sai của con\r\n\r\nChương 17: Đôi cánh đại bàng\r\n\r\nLời kết: Thấu hiểu sự vô minh\r\n\r\nPhụ lục: Định hướng tỉnh thức\r\n\r\nThông tin tác giả:\r\n\r\nTiến sĩ Shefali Tsabary nhận bằng tiến sĩ chuyên ngành Tâm lý lâm sàng, Đại học Columbia, New York. Bà được tiếp cận với quan điểm phương Đông từ rất sớm và lồng ghép quan điểm đó vào tâm lý học phương Tây. Sự lồng ghép giao thoa giữa phương Đông và phương Tây giúp bà tiếp cận với độc giả toàn cầu. Khả năng thu hút độc giả thiên về tâm lý và độc giả thiên về ý thức đã giúp bà trở thành chuyên gia hàng đầu trong lĩnh vực nuôi dạy con.', 4, 1, 1),
(41, '90% Trẻ Thông Minh Nhờ Cách Trò Chuyện Đúng', '34.320', 'image_182756.jpg', 'Bạn có bao giờ thốt ra những câu dù biết là không nên nói như  “Còn lề mề đến bao giờ nữa hả?” hay “Chẳng được cái trò trống gì, đưa đây xem nào!”… nhưng vẫn lỡ lời không?\r\n\r\nTrong quá trình trẻ trưởng thành, những lời lẽ kiểu “Mày chẳng được cái tích sự gì!” trẻ phải nghe ngày ngày sẽ thẩm thấu qua vô thức, rồi sau đó trở thành ý thức coi mình chỉ là loại “vô dụng”. Không biết từ lúc nào, trẻ sẽ bắt đầu thực hiện những hành vi, lối sống không tốt.\r\n\r\nTrong cuốn sách này, chúng tôi sẽ giới thiệu tới quý vị phụ huynh những câu nói “có phép lạ” khiến các con trở thành những đứa trẻ “tự có ý thức” mà cha mẹ không cần cằn nhằn nhiều. Hơn nữa, đây hoàn toàn là những câu chúng ta có thể áp dụng ngay từ ngày hôm nay như “Mẹ luôn đứng về phía con!”, “Mẹ con mình cùng làm nhé!”…\r\n\r\nVề bản chất, mỗi đứa trẻ đều mang trong mình một “sức mạnh” tuyệt vời. Nhưng trước hết, chúng ta phải tin tưởng vào sức mạnh ấy đã! Khi được tin cậy, “sức mạnh” bên trong trẻ sẽ được nuôi dưỡng một cách tự nhiên.\r\n\r\nCuốn sách này sẽ giới thiệu cách trò chuyện giúp khai phá sức mạnh ấy từ nhiều góc độ. Chắc chắn không chỉ các con mà ngay cả chính các bậc phụ huynh cũng sẽ thay đổi. Cuộc sống sẽ lại một lần nữa trở nên thật tuyệt vời.\r\n\r\nCuốn sách này sẽ giúp mở rộng tiềm năng của trẻ tới vô hạn!', 4, 1, 1),
(42, 'Nuôi Dạy Bé Gái Từ 0 Đến 6 Tuổi (Tái Bản 2020)', '52.500', 'image_196722.jpg', 'Tác giả của cuốn sách Nuôi dạy bé gái từ 0 – 6 tuổi là người đã có 20 năm nghiên cứu về sự trưởng thành của trẻ em, quan sát 12.000 trẻ ở nhiều độ tuổi khác nhau, từ em bé sơ sinh cho đến sinh viên đại học. Từ kinh nghiệm thực tiễn và nghiên cứu tác giả đã đúc kết được những điều quan trọng đối với sự phát triển của trẻ rằng:\r\n\r\nNgay từ khi sinh ra, giữa bé trai và bé gái đã có những đặc trưng khác nhau cả về não bộ cũng như hệ thần kinh vận động. Do vậy cách giáo dục cũng sẽ khác nhau. Nếu nắm được điểm mấu chốt trong cách nuôi dạy cho từng bé thì bố mẹ có thể phát triển năng lực của trẻ một cách toàn diện.\r\n\r\nVới bé gái\r\n\r\nLà người có khả năng cảm thụ và đồng cảm tốt.\r\n\r\nSở hữu khả năng đồng cảm tốt nên các bé gái luôn cư xử hòa nhã và thân thiện. Bé biết đi sớm nhưng giữ thăng bằng không tốt và dễ té ngã. Điều này là do sự phát triển của hệ thần kinh vận động toàn thân Nhưng bé lại giỏi trong những trò chơi đòi hỏi tính kiên nhẫn như gấp giấy hay vẽ tranh. Đôi khi bé phản kháng: “Không, không” là do tính kỷ luật chưa được hoàn thiện.\r\n\r\nBé gái hay thể hiện sự vui mừng khi được cùng chơi hòa thuận với bạn, lúc cả hai cùng chia sẻ cho nhau. Bé coi trọng quá trình thực hiện hơn là kết quả. Hơn nữa, với bé gái việc được mẹ ôm ấp, cưng nựng là một điều thật tuyệt vời.\r\n\r\nĐiều quan trọng đối với bé gái đó là được yêu thương, thấu hiểu, sẻ chia và giao tiếp.\r\n\r\nVì muốn được giao tiếp nên khả năng ngôn ngữ của bé gái phát triển nhanh. Bé dùng từ khéo léo, ríu rít kể cho bố mẹ nghe những chuyện mình gặp trong ngày hôm nay hay chuyện bạn bè.\r\n\r\nBố mẹ thường có cảm giác như bé gái phát triển sớm, trưởng thành một cách thuận lợi hơn so với bé trai. Nhưng điều đó không đồng nghĩa là ta có thể yên tâm với sự trưởng thành sớm của bé. Tâm lý của bé gái phức tạp hơn so với bé trai. Nhìn bé có vẻ ra dáng “người lớn” biết vâng lời nhưng thực ra thì nhõng nhẽo, ví dụ bé nói: “Không thích đâu!” nhưng trong lòng thì ngược lại, vì vậy việc nắm bắt được suy nghĩ, tình cảm thực sự của các bé gái là rất quan trọng.\r\n\r\nNuôi dạy bé gái từ 0 – 6 tuổi sẽ chỉ ra cho bố mẹ 7 bước quan trọng trong sự trưởng thành của các bé:\r\n\r\nBước 0 (0 tuổi): Kích thích năm giác quan → Nuôi dưỡng cảm nhận\r\n\r\nBước 1 (1 tuổi): Chia sẻ niềm vui “Yeah! Con làm được rồi” → Nuôi dưỡng tính tự chủ\r\n\r\nBước 2 (2 tuổi): Tôn trọng thế giới quan của trẻ → Nuôi dưỡng khả năng tưởng tượng\r\n\r\nBước 3 (3 tuổi): Tin tưởng, công nhận ý kiến của trẻ → Nuôi dưỡng tính không ỷ lại\r\n\r\nBước 4 (4 tuổi): Cho trẻ cơ hội tự mình suy nghĩ → Nuôi dưỡng khả năng giải quyết vấn đề\r\n\r\nBước 5 (5 tuổi): Để trẻ trải nghiệm việc giúp đỡ và được giúp đỡ → Nuôi dưỡng khả năng tự bày tỏ ý kiến cá nhân một cách rõ ràng\r\n\r\nBước 6 (6 tuổi): Để trẻ cảm nhận đầy đủ tình thương yêu → Nuôi dưỡng cảm giác khẳng định bản thân', 4, 1, 1),
(43, 'Giải Thích Ngữ Pháp Tiếng Anh', '144.000', 'image_195509_1_41511.jpg', 'Sách Giải Thích Ngữ Pháp Tiếng Anh Với Bài Tập Và Đáp Án được biên soạn thành 9 chương, đề cập đến những vấn đề ngữ pháp từ cơ bản đến nâng cao.\r\n\r\nNội dung các chương được biên soạn dựa trên ngữ pháp tiiếng Anh hiện đại, giải thích cặn kẽ, rõ ràng các cách dùng và quy luật mà người học cần nắm vững: đồng thời chỉ ra những quy luật khác nhau giữa tiếng anh của người Anh (British English) và tiếng Anh của người Mỹ (American English).\r\n\r\nCuối mỗi phần ngữ pháp đều có bài tập đa dạng để giúp người học nắm vững phần lý thuyết. Hơn nữa, hiện nay hình thức thi trắc nghiệm đang được áp dụng trong các kỳ thi, nên trong sách này chúng tôi biên soạn một số phần bài tập trắc nghiệm để đáp ứng nhu cầu của người học trong tình hình mới.\r\n\r\nHy vọng Giải Thích Ngữ Pháp Tiếng Anh sẽ là một quyển sách thiết thực, đáp ứng yêu cầu học, ôn tập và nâng cao trình độ ngữ pháp cho người học và là quyển sách tham khảo bổ ích dành cho giáo viên.', 5, 1, 1),
(44, 'English Business Writing', '157.700', 'image_230127.jpg', 'Trước đây, khi tiếng Anh chưa là ngôn ngữ quốc tế trong môi trường toàn cầu hóa, xu hướng việc giảng dạy và học tập tiếng Anh tại Việt Nam thiên về hai kỹ năng ĐỌC HIỂU và VIẾT. Hệ quả là trong các thế hệ trước, nhiều người đọc hiểu và viết tiếng Anh thông thạo không kém người bản xứ được học hành tử tế; ngược lại, gặp khó khăn khi giao tiếp nghe-nói bằng tiếng Anh.\r\n\r\nTừ thập niên 90 thế kỷ trước đây, giao tiếp ngôn ngữ bao gồm bốn kỹ năng cơ bản: NGHE – NÓI - ĐỌC - VIẾT. Do vậy khi nói đến tiếng Anh giao tiếp có nghĩa là cần phải giao tiếp được cả bốn kỹ năng trên. Phương pháp giao tiếp dựa trên sự phát triển kỹ năng ngôn ngữ của trẻ em: giai đoạn đầu tập trung vào phát triển NGHE - NÓI; giai đoạn phát triển tập trung ĐỌC VIẾT. Nói như vậy không có nghĩa là khi dạy kỹ năng nghe nói thì không có yêu cầu phát triển kỹ năng đọc viết và ngược lại. Đối với môi trường giao lưu ngôn ngữ và kinh tế toàn cầu và phát triển khoa học ngày nay, kỹ năng dịch thuật và phiên dịch cũng nằm trong giao tiếp ngôn ngữ bậc cao trong môi trường toàn cầu hóa. Vai trò của ngữ pháp trong phát triển ngôn ngữ luôn là nền tảng để học và phát triển một ngôn ngữ. Để phát triển một ngôn ngữ, dù đó là ngoại ngữ như tiếng Anh, nền tảng của ngôn ngữ là ngữ pháp, từ vựng và phát âm. Do vậy, vai trò ngữ pháp là để phát triển ngôn ngữ đúng và đủ để phát triển kỹ năng giao tiếp; ngữ pháp không chỉ để hiểu về ngôn ngữ mà để sử dụng đúng ngôn ngữ (not knowing about the language, but knowing the language). Điều này cho thấy học ngữ pháp tiếng Anh ở Việt Nam là đúng vì tiếng Anh là EFL (ngoại ngữ), không phải ESL (ngôn ngữ thứ hai), tuy nhiên sự yếu kém trong việc học và dạy ngữ pháp là để làm bài tập, sau đó là bài thi mà không dùng ngữ pháp trong các hoạt động ngôn ngữ (activities) và thực hành ngôn ngữ (tasks). Nhằm góp phần hỗ trợ học ngữ pháp, MIND MAP ENGLISH GRAMMAR là công cụ để hiểu biết tiếng Anh dưới hình thức tóm lược theo tư duy logic. Do vậy người học cần sử dụng hiểu biết về ngữ pháp và quan trọng hơn là ứng dụng vào nhiều hoạt động thực hành để phát huy các chủ đề ngữ pháp trong cuốn sách.\r\n\r\nNgữ Pháp Tiếng Anh Bằng Sơ Đồ Tư Duy có những đặc điểm sau đây:\r\n\r\n - Giảng viên có thể hướng dẫn cho người học các chủ đề và chủ điểm ngữ pháp theo tư duy logic qua các sơ đồ tư duy tóm tắt dễ nhớ và dễ hiểu.\r\n\r\n- Người học dễ dàng tự học và tham khảo trước khi làm các bài tập ngữ pháp hoặc sử dụng tiếng Anh.\r\n\r\n - Hệ thống bài học được trình bày dạng \"mind map\" cách tân từ thấp lên cao nên người học yêu thích ngữ pháp tiếng Anh hơn.\r\n\r\n- Sau khi học, hiểu, nắm vững các chủ đề, chủ điểm ngữ pháp, người học có thể tự vẽ lấy \"mind map\" của riêng mình.', 1, 1, 1);
INSERT INTO `product` (`idSP`, `tenSP`, `gia`, `hinhanh`, `moTa`, `idLoai`, `anHien`, `Top`) VALUES
(45, 'Tự Học 2000 Từ Vựng Tiếng Anh', '50.800', '24df17f9bab58ba053c6c08c3af2f470.jpg', 'Nhà ngôn ngữ học nổi tiếng D.A.Wilkins đã nói rằng “Without grammar, very little can be conveyed; without vocabulary, nothing can be conveyed.” (Không có ngữ pháp, rất ít thông tin có thể được truyền đạt; Không có từ vựng, không một thông tin nào có thể được truyền đạt cả). Vì thế, trong việc học một ngoại ngữ, thì từ vựng có thể xem như các tế bào nhỏ hình thành nên khả năng sử dụng ngoại ngữ của người học.\r\n\r\nCác bạn đang băn khoăn chưa biết nên học từ vựng như thế nào để có thể ghi nhớ được nhiều từ và lâu nhất. Dưới đây là những phương pháp học mà các bạn có thể áp dụng để học từ vựng hiệu quả nhất.\r\n\r\n1. Học từ vựng theo chủ đề\r\nThay vì học riêng lẻ từng từ rời rạc, nếu các bạn biết nhóm chúng vào cùng một chủ đề thì đảm bảo việc học thuộc sẽ trở nên đơn giản hơn rất nhiều luôn. Có vốn từ vựng theo chủ đề, khi làm bài thi nói hoặc viết theo một chủ đề nào đó bạn sẽ phát huy được tối đa vốn từ vựng. Khiến bài nói và bài viết của bạn trôi chảy và nhiều ý tưởng. Vì vậy, việc học từ theo chủ đề cũng giống như một mũi tên trúng hai đích vậy, vừa giúp chúng ta biết thêm nhiều từ mới, vừa có nhiều từ vựng và ý hay để triển khai cho bài thi được tốt hơn.\r\n\r\n2. Sử dụng hình ảnh, âm thanh hay câu chuyện để ghi nhớ từ vựng nhanh\r\nThực tế cho thấy, cách mà nhiều người thường hay học từ vựng đó là viết từ vựng đó kèm nghĩa ra giấy thật nhiều lần để ghi nhớ. Tuy nhiên, cách này có thể hiệu quả tức thời nhưng về lâu về dài, nếu không sử dụng lại thì chắc chắn ta sẽ quên từ. Ngược lại, nếu sử dụng những hình ảnh, âm thanh hay câu chuyện ấn tượng thì có thể khiến não bộ chúng ta nhớ rất mãi. Cách thức học này cũng vô cùng đơn giản, khi chúng ta học một từ mới, hãy cố gắng tự nghĩ ý tưởng và minh họa cho nó bằng hình ảnh ngộ nghĩnh, khi học một nhóm từ vựng theo chủ đề, hãy cố gắng sắp xếp chúng vào thành một đoạn văn, kể về một câu chuyện thú vị.\r\n\r\n3. Học từ vựng qua bài hát, phim ảnh\r\n\r\nNhiều lúc do tâm lý nghĩ học tập là một gánh nặng, bắt buộc phải học mà khiến chúng ta mất đi niềm vui trong việc tiếp nhận tri thức. Nếu các bạn có thể giải tỏa tâm lý đó bằng việc nghe nhạc hay xem phim thì sẽ khiến từ mới “vào đầu” dễ dàng hơn mà không khiến ta chán nản khi học. Các bạn nên học từ vựng bằng những phim từ mức độ thấp đến cao. Rất nhiều bộ phim hay để học tiếng Anh như: Extra English, Friends, How I met your mother?...\r\n\r\n4. Luôn có một cuốn sổ tay ghi từ mới\r\nCuốn sổ này sẽ cực kì hữu ích cho bạn trong việc học mọi lúc mọi nơi. Mỗi ngày bạn hay ghi vào quyển sổ đó những từ mới học được bao gồm nghĩa, họ từ và ngày nào cũng mở ra đọc và học lại như vậy từ vựng đó sẽ không bao giờ có thể quên được.\r\n\r\n5. Tập sử dụng các từ mới và ôn tập thường xuyên\r\nSau khi học các từ mới, bạn nên tập sử dụng chúng hàng', 5, 1, 1),
(46, '25 Chuyên Đề Ngữ Pháp Tiếng Anh', '72.000', 'image_188186.jpg', 'Các chuyên đề ngữ pháp trọng tâm được trình bày đơn giản, dễ hiểu cùng với hệ thống bài tập và từ vựng phong phú. Có tất cả 25 chuyên đề trong 2 tập sách, là tài liệu hữu ích cho học sinh, sinh viên, người đi làm, luyện thi cho các kỳ thi quốc gia, ôn luyện các chứng chỉ quốc tế và là tài liệu tham khảo cho giáo viên.', 5, 1, 1),
(47, 'Hackers Ielts: Speaking', '146.265', 'image_195509_1_708.jpg', 'Bộ sách luyện thi IELTS đầu tiên có kèm giải thích đáp án chi tiết và hướng dẫn cách tự nâng band điểm.\r\n\r\nIELTS là cánh cửa giúp các bạn thí sinh hiện thực hóa ước mơ vươn ra thế giới. Chính vì vậy, ngay từ bây giờ, hãy nỗ lực luyện tập và chuẩn bị cho bài thi quan trọng này. Viện Ngôn ngữ Hackers đã biên soạn bộ sách HACKERS IELTS gồm 4 cuốn tương đương với 4 kỹ năng nhằm giới thiệu tới các bạn phương pháp luyện thi phù hợp nhất để có thể đạt điểm cao trong bài thi này.\r\n\r\nLuyện từng dạng bài một cách có hệ thống!\r\n\r\nBộ sách được thiết kế nhằm giúp người học nâng cao kỹ năng đọc hiểu thông qua quá trình luyện tập từng dạng bài một cách có hệ thống. Ngoài ra, đối với từng dạng bài, bạn còn được cung cấp những chiến lược làm bài cụ thể.\r\n\r\nLuyện tập theo xu hướng ra đề mới nhất!\r\n\r\nCác chủ đề trong bộ sách HACKERS IELTS được biên soạn dựa trên xu hướng ra đề mới nhất, nhờ vậy mà bạn có thể chuẩn bị tốt nhất cho bài thi thật. Các bài Actual Test cũng được biên soạn chính xác theo hình thức đề thi thật mới nhất. Vì vậy, bạn đã có trong tay đầy đủ tài liệu để có thể chuẩn bị kỹ lưỡng cho bài thi IELTS.\r\n\r\nTài liệu đặc biệt giúp bạn đạt điểm cao!\r\n\r\nĐặc biệt, HACKERS IELTS còn có phần tổng kết từ vựng “khủng” sau từng chương và thêm phần phụ lục về sự khác biệt giữa tiếng Anh Mỹ và tiếng Anh Anh. Ngoài ra, file MP3 đi kèm cung cấp cho người học các từ vựng xuất hiện trong các bài đọc.\r\n\r\nChúng tôi hi vọng rằng HACKERS IELTS sẽ trở thành cuốn cẩm nang hữu ích giúp bạn đạt được điểm số mong muốn trong bài thi IELTS và là người bạn đồng hành đáng tin cậy của bạn trên con đường chinh phục ước mơ.', 5, 1, 1),
(48, 'How To Crack The Ielts Speaking Test', '239.200', 'image_195509_1_27219.jpg', 'Cựu Thủ tướng Lý Quang Diệu đã viết trong hồi kí của ông về hành trình đưa Singapore từ một làng chài nghèo khổ thành một trong những quốc gia có nền kinh tế vững mạnh nhất châu Á, trong đó ông nhấn mạnh tầm quan trọng của tiếng Anh trong việc tiếp cận và giao thương với các nước phát triển trên thế giới. IELTS – chứng chỉ tiếng Anh uy tín nhất thế giới hiện nay – là cánh cửa mở ra vô vàn cơ hội học tập và tạo điều kiện cho sự thăng tiến trong sự nghiệp. Nhằm mục đích cung cấp cho người học những phương pháp học hữu ích và thực tiễn áp dụng hiệu quả trong kỳ thi IELTS Speaking, tác giả Đặng Trần Tùng – thí sinh đầu tiên tại Việt Nam đạt điểm tuyệt đối 9.0 IELTS dưới cả hai hình thức: thi giấy và thi máy – đã tập hợp những kinh nghiệm thi cử hữu ích đúc rút từ chính những lần dự thi của bản thân để cho ra đời cuốn sách How to crack the IELTS Speaking test – Part 1.\r\n\r\nCuốn sách tập trung vào 20 chủ đề thường gặp trong IELTS Speaking, với những tips hữu ích nhằm giúp các thí sinh có thể đạt được các band điểm mong muốn, phổ biến với các mức 6.0, 7.0 và 8.0. Các câu trả lời mẫu trong sách cũng xoay quanh cuộc sống thường ngày, tạo cảm giác quen thuộc, gần gũi với người đọc, mở ra hướng tư duy gắn liền với thực tiễn cuộc sống.\r\n\r\nKhông chỉ tập trung vào việc dẫn lối tư duy, cuốn sách còn cung cấp rất nhiều mẫu câu, từ vựng, ngữ pháp đa dạng – là những tips “ăn điểm” với giám khảo, tạo nên bước đột phá trong từng band điểm.\r\n\r\nCuối cùng, nhằm giúp người học có thể củng cố các kiến thức đã học ở phần ví dụ, How to crack the IELTS Speaking test – Part 1 còn cung cấp thêm bài tập với nội dung và dạng bài đa dạng và đáp án chi tiết, giúp các sỹ tử ôn luyện thêm các kĩ năng nghe, nói, đọc, viết, từ đó giúp chặng đường vượt vũ môn thêm dễ dàng.\r\n\r\nCuốn sách đã nhận được nhiều lời khen ngợi từ các KoLs trong lĩnh vực giảng dạy và có được sự ủng hộ nhiệt tình của độc giả ngay từ khi giới thiệu những trang sách đầu tiên, hứa hẹn sẽ trở thành một tài liệu must-have đối với các thí sinh đang ấp ủ giấc mơ chinh phục IELTS.\r\n\r\n+TÁC GIẢ: \r\n\r\nTốt nghiệp khoa Kinh tế và Tài chính, Đại học RMIT\r\n\r\nFounder/CEO của The IELTS Workshop – Trung tâm luyện thi IELTS uy tín tại Việt Nam\r\n\r\nCố vấn chuyên môn và Đồng dẫn chương trình IELTS Face – Off VTV7\r\n\r\nCố vấn chuyên môn dòng sách Gamma – NXB Alphabook\r\n\r\nĐại diện thương hiệu của Hội Đồng Anh Việt Nam\r\n\r\nTừng là Chủ tịch hội học sinh trường cấp 3 Parkview Christian School – Nebraska, Mỹ năm 2011\r\n\r\nĐạt 8.0 IELTS năm 2012 ngay trong lần thi đầu tiên CHỈ SAU 2 NGÀY ÔN LUYỆN\r\n\r\nĐạt 9.0 IELTS Overall 3 lần – Dưới cả hình thức thi trên máy (CDI) và thi giấy (PB)\r\n\r\nTác giả của 50+ video hướng dẫn tự học tiếng Anh trên Youtube\r\n\r\nTác giả cuốn Ebook 40 chủ đề Speaking Part 1\r\n\r\nDiễn giả của nhiều sự kiện giáo dục lớn tổ chức tại Việt Nam như Hội đồng Anh, IDP, v.v.', 5, 1, 1);

-- --------------------------------------------------------

--
-- Table structure for table `users`
--

CREATE TABLE `users` (
  `idUser` int(11) NOT NULL,
  `userName` varchar(15) NOT NULL,
  `pass` varchar(18) NOT NULL,
  `hoTen` text NOT NULL,
  `sdt` int(11) NOT NULL,
  `email` varchar(25) NOT NULL,
  `role` int(1) NOT NULL DEFAULT 0,
  `ngay` varchar(255) NOT NULL,
  `anHien` int(1) NOT NULL
) ENGINE=InnoDB DEFAULT CHARSET=utf8mb4;

--
-- Dumping data for table `users`
--

INSERT INTO `users` (`idUser`, `userName`, `pass`, `hoTen`, `sdt`, `email`, `role`, `ngay`, `anHien`) VALUES
(7, 'thanhdat2704', '123123', 'thành đạt', 754835436, 'fdsàdsàewfwe', 1, '', 0),
(9, '', '', '', 0, '', 0, '', 0),
(10, 'fewdsfdsư', '', '', 0, '', 0, '', 0),
(11, 'dsa', '', '', 0, '', 0, '', 0);

--
-- Indexes for dumped tables
--

--
-- Indexes for table `bill`
--
ALTER TABLE `bill`
  ADD PRIMARY KEY (`idBill`),
  ADD KEY `fk_idUser` (`idUser`);

--
-- Indexes for table `cart`
--
ALTER TABLE `cart`
  ADD PRIMARY KEY (`idCart`),
  ADD KEY `fkidsp` (`idSP`),
  ADD KEY `fkidbill` (`idBill`),
  ADD KEY `fkiduser` (`idUser`);

--
-- Indexes for table `categories`
--
ALTER TABLE `categories`
  ADD PRIMARY KEY (`idLoai`);

--
-- Indexes for table `product`
--
ALTER TABLE `product`
  ADD PRIMARY KEY (`idSP`),
  ADD KEY `fk_idLoai` (`idLoai`);

--
-- Indexes for table `users`
--
ALTER TABLE `users`
  ADD PRIMARY KEY (`idUser`);

--
-- AUTO_INCREMENT for dumped tables
--

--
-- AUTO_INCREMENT for table `bill`
--
ALTER TABLE `bill`
  MODIFY `idBill` int(11) NOT NULL AUTO_INCREMENT, AUTO_INCREMENT=70;

--
-- AUTO_INCREMENT for table `cart`
--
ALTER TABLE `cart`
  MODIFY `idCart` int(11) NOT NULL AUTO_INCREMENT, AUTO_INCREMENT=78;

--
-- AUTO_INCREMENT for table `categories`
--
ALTER TABLE `categories`
  MODIFY `idLoai` int(11) NOT NULL AUTO_INCREMENT, AUTO_INCREMENT=20;

--
-- AUTO_INCREMENT for table `product`
--
ALTER TABLE `product`
  MODIFY `idSP` int(11) NOT NULL AUTO_INCREMENT, AUTO_INCREMENT=53;

--
-- AUTO_INCREMENT for table `users`
--
ALTER TABLE `users`
  MODIFY `idUser` int(11) NOT NULL AUTO_INCREMENT, AUTO_INCREMENT=12;

--
-- Constraints for dumped tables
--

--
-- Constraints for table `bill`
--
ALTER TABLE `bill`
  ADD CONSTRAINT `fk_idUser` FOREIGN KEY (`idUser`) REFERENCES `users` (`idUser`);

--
-- Constraints for table `cart`
--
ALTER TABLE `cart`
  ADD CONSTRAINT `fkidbill` FOREIGN KEY (`idBill`) REFERENCES `bill` (`idBill`),
  ADD CONSTRAINT `fkidsp` FOREIGN KEY (`idSP`) REFERENCES `product` (`idSP`),
  ADD CONSTRAINT `fkiduser` FOREIGN KEY (`idUser`) REFERENCES `users` (`idUser`);

--
-- Constraints for table `product`
--
ALTER TABLE `product`
  ADD CONSTRAINT `fk_idLoai` FOREIGN KEY (`idLoai`) REFERENCES `categories` (`idLoai`);
COMMIT;

/*!40101 SET CHARACTER_SET_CLIENT=@OLD_CHARACTER_SET_CLIENT */;
/*!40101 SET CHARACTER_SET_RESULTS=@OLD_CHARACTER_SET_RESULTS */;
/*!40101 SET COLLATION_CONNECTION=@OLD_COLLATION_CONNECTION */;
